participant_id,timestamp,battery_capacity_kWh,current_charge_kWh,discharge_rate_kW,energy_requested_kWh,label
1,1/1/2024 0:00,55.09477623,3.028268678,2.657044293,3.03216635,adversarial
2,1/1/2024 0:15,63.26060015,18.60627133,17.53456881,17.90253325,adversarial
3,1/1/2024 0:30,97.43758374,16.30096377,16.95187387,17.08284432,adversarial
4,1/1/2024 0:45,40.4145783,14.61917377,15.26576576,15.23874674,adversarial
5,1/1/2024 1:00,88.67762021,23.48363668,21.80817988,21.98029434,adversarial
6,1/1/2024 1:15,63.71123738,7.96064476,8.717607359,8.824836809,adversarial
7,1/1/2024 1:30,65.55812117,9.897480601,9.71878054,9.634514789,adversarial
8,1/1/2024 1:45,47.45390858,4.054608539,4.262894796,4.142525664,adversarial
9,1/1/2024 2:00,64.92674888,11.62841783,12.23422913,12.11702344,adversarial
10,1/1/2024 2:15,25.85140076,7.717414078,7.392469772,7.481603175,adversarial
11,1/1/2024 2:30,81.17148581,10.935419,10.10172004,10.2493894,adversarial
12,1/1/2024 2:45,42.77502092,20.91750156,20.72429629,20.67603804,adversarial
13,1/1/2024 3:00,91.00866636,21.20233118,22.92778661,23.39647806,adversarial
14,1/1/2024 3:15,49.42805557,5.783440534,6.244588943,5.828434661,adversarial
15,1/1/2024 3:30,31.42592884,9.868377552,10.09538185,9.94242888,adversarial
16,1/1/2024 3:45,75.67052595,21.54341097,21.43726122,21.3563359,adversarial
17,1/1/2024 4:00,33.16625158,3.072998146,3.454479324,2.971400668,adversarial
18,1/1/2024 4:15,80.29444124,3.632702329,4.1541249,4.019082088,adversarial
19,1/1/2024 4:30,97.44897891,5.381509008,5.605633771,5.379343688,adversarial
20,1/1/2024 4:45,82.3642295,15.17783335,14.90838523,14.9144215,adversarial
21,1/1/2024 5:00,21.79593987,5.369983705,5.707252363,5.54366291,adversarial
22,1/1/2024 5:15,67.99086304,23.74831211,22.74850238,22.97468452,adversarial
23,1/1/2024 5:30,75.63285368,10.5362725,11.13206886,11.14200135,adversarial
24,1/1/2024 5:45,86.03666606,12.85669627,13.71433428,13.34409651,adversarial
25,1/1/2024 6:00,24.48018472,9.007595325,7.994491793,8.244553117,adversarial
26,1/1/2024 6:15,58.40862624,11.98272347,12.75901114,12.35824003,adversarial
27,1/1/2024 6:30,62.82966981,17.17018895,17.37495662,17.71400579,adversarial
28,1/1/2024 6:45,33.52998901,19.13161212,18.34095925,18.77238144,adversarial
29,1/1/2024 7:00,45.79598478,21.00583683,19.37507943,19.19752472,adversarial
30,1/1/2024 7:15,55.2177381,15.58185659,13.78289254,14.20903518,adversarial
31,1/1/2024 7:30,86.65677504,21.74291179,21.10893656,21.40194472,adversarial
32,1/1/2024 7:45,94.35260529,17.43913947,18.94970648,19.37214209,adversarial
33,1/1/2024 8:00,70.27382631,19.2423896,17.64859128,17.81486141,adversarial
34,1/1/2024 8:15,51.59561488,3.143561422,3.364369652,3.100013691,adversarial
35,1/1/2024 8:30,40.32248142,2.85049049,2.534466276,2.928989513,adversarial
36,1/1/2024 8:45,98.57081475,7.219236739,7.089024838,6.773289914,adversarial
37,1/1/2024 9:00,98.64159985,15.93459495,16.54728619,16.26034674,adversarial
38,1/1/2024 9:15,93.99815586,9.358290499,10.54896198,10.32002497,adversarial
39,1/1/2024 9:30,82.85353199,11.80906712,11.29226453,11.09651084,adversarial
40,1/1/2024 9:45,46.0623635,21.63562672,21.42451123,21.43899087,adversarial
41,1/1/2024 10:00,85.36003868,20.51435155,20.98718643,21.20064379,adversarial
42,1/1/2024 10:15,52.70344138,21.36471977,22.05874631,22.48495448,adversarial
43,1/1/2024 10:30,46.14184785,8.457187991,8.713019291,8.301456879,adversarial
44,1/1/2024 10:45,79.58922868,16.08731984,16.63053988,17.08490924,adversarial
45,1/1/2024 11:00,26.37231421,8.632569266,8.526475658,8.947798625,adversarial
46,1/1/2024 11:15,23.88501786,5.922144622,6.210733188,5.76473248,adversarial
47,1/1/2024 11:30,55.83629577,6.556155875,6.231011876,6.091333014,adversarial
48,1/1/2024 11:45,55.65110407,10.44438648,10.06298821,10.3761316,adversarial
49,1/1/2024 12:00,91.65153225,12.47316709,11.74706078,11.85863733,adversarial
50,1/1/2024 12:15,30.0922477,20.09447627,18.8110114,19.09010534,adversarial
51,1/1/2024 12:30,29.8627142,5.045316395,4.665717436,4.884750775,adversarial
52,1/1/2024 12:45,31.79620804,15.91394865,16.76944432,16.76621444,adversarial
53,1/1/2024 13:00,22.3789009,14.33858799,13.81741135,13.3586294,adversarial
54,1/1/2024 13:15,25.73853903,8.360010112,8.383664603,8.467932805,adversarial
55,1/1/2024 13:30,72.78958935,10.6564875,12.17677807,11.72534473,adversarial
56,1/1/2024 13:45,54.52674633,8.83042329,9.202010024,9.305736741,adversarial
57,1/1/2024 14:00,81.08824537,16.12750803,15.01376626,15.31417712,adversarial
58,1/1/2024 14:15,99.40781749,10.26320378,11.14602629,11.23101804,adversarial
59,1/1/2024 14:30,72.72277449,5.878588551,5.827625934,6.324647738,adversarial
60,1/1/2024 14:45,24.03644565,5.071668506,4.926157991,4.882024492,adversarial
61,1/1/2024 15:00,28.36502918,14.46167058,13.15998133,13.40880879,adversarial
62,1/1/2024 15:15,90.48032679,21.54804181,20.81950922,20.98672251,adversarial
63,1/1/2024 15:30,62.19967556,9.910484182,10.0018692,10.49330089,adversarial
64,1/1/2024 15:45,85.98697275,16.36883352,17.76102446,17.97424347,adversarial
65,1/1/2024 16:00,88.5289869,16.41088481,16.37749292,16.04152365,adversarial
66,1/1/2024 16:15,94.21396332,20.29846665,21.86325016,22.31876787,adversarial
67,1/1/2024 16:30,95.98633644,19.15602192,18.56590488,18.7336821,adversarial
68,1/1/2024 16:45,64.38606372,12.55247954,13.72207874,13.28141697,adversarial
69,1/1/2024 17:00,47.28161378,17.60925329,16.13324936,16.29081766,adversarial
70,1/1/2024 17:15,96.94918995,20.83701788,20.55821703,20.94133644,adversarial
71,1/1/2024 17:30,63.79251248,9.690139249,10.17937806,10.25641992,adversarial
72,1/1/2024 17:45,25.14021784,10.19457316,9.668020733,9.522040372,adversarial
73,1/1/2024 18:00,71.422124,2.90753742,2.737058152,3.057967786,adversarial
74,1/1/2024 18:15,67.01478003,20.0494913,20.57370149,20.85621349,adversarial
75,1/1/2024 18:30,91.66342983,21.55706698,20.1619895,20.20617166,adversarial
76,1/1/2024 18:45,72.25497513,3.908007664,4.40903673,4.0633985,adversarial
77,1/1/2024 19:00,47.92419396,14.88480949,15.40615509,15.15714158,adversarial
78,1/1/2024 19:15,97.29805806,11.56759493,11.69261413,11.9310981,adversarial
79,1/1/2024 19:30,84.12955888,5.029012613,5.140816139,5.446898305,adversarial
80,1/1/2024 19:45,70.43340947,22.08334404,24.5475148,24.32678008,adversarial
81,1/1/2024 20:00,43.43401627,7.256940476,7.077066104,6.945051181,adversarial
82,1/1/2024 20:15,49.88322371,3.685277562,4.00368915,3.581321035,adversarial
83,1/1/2024 20:30,73.59759393,14.61207281,15.06357101,15.27703296,adversarial
84,1/1/2024 20:45,25.75846548,16.23671948,17.42519303,16.92877058,adversarial
85,1/1/2024 21:00,40.53444733,2.785991855,3.011758659,2.55830018,adversarial
86,1/1/2024 21:15,77.11207467,17.53935647,16.47634798,15.98069205,adversarial
87,1/1/2024 21:30,58.40148079,12.94252397,12.86633556,13.01165514,adversarial
88,1/1/2024 21:45,52.19148519,4.795809105,4.604869119,4.522256246,adversarial
89,1/1/2024 22:00,32.11660979,6.456749592,6.367372946,6.164919708,adversarial
90,1/1/2024 22:15,55.34792276,13.63125233,13.79445928,14.20716029,adversarial
91,1/1/2024 22:30,81.65535766,7.870512954,8.939866595,8.632669389,adversarial
92,1/1/2024 22:45,41.12102769,21.57907272,23.3511395,23.24050752,adversarial
93,1/1/2024 23:00,20.43188337,22.65638673,20.78031246,21.22062426,adversarial
94,1/1/2024 23:15,73.48039209,25.56969632,24.51243768,24.43954425,adversarial
95,1/1/2024 23:30,97.81012835,8.178463155,7.86352173,7.918215416,adversarial
96,1/1/2024 23:45,68.54612509,22.07235563,24.25256045,23.83289732,adversarial
97,1/2/2024 0:00,29.59374871,12.47723331,11.84738377,12.13755016,adversarial
98,1/2/2024 0:15,45.65864739,9.704797477,9.281070008,9.203828785,adversarial
99,1/2/2024 0:30,89.41132918,3.972567594,3.404822242,3.705337366,adversarial
100,1/2/2024 0:45,38.60544594,2.993524318,3.562589368,3.316387011,adversarial
101,1/2/2024 1:00,68.61567228,16.96426809,16.43816313,16.36064188,adversarial
102,1/2/2024 1:15,52.21369666,11.33189903,12.25124057,12.5377895,adversarial
103,1/2/2024 1:30,36.62749771,8.088027779,7.292806785,7.766684552,adversarial
104,1/2/2024 1:45,85.07255149,14.62086557,14.67513258,14.2347581,adversarial
105,1/2/2024 2:00,79.42650212,7.506492217,7.761909639,8.074365816,adversarial
106,1/2/2024 2:15,72.92728528,15.66431047,15.07203057,14.87271963,adversarial
107,1/2/2024 2:30,38.90692722,9.133594173,9.945862643,9.996605924,adversarial
108,1/2/2024 2:45,27.82856022,19.52334975,18.5368774,18.32696967,adversarial
109,1/2/2024 3:00,66.09274639,17.70101401,18.47252368,18.58596916,adversarial
110,1/2/2024 3:15,64.29422668,12.52859219,12.21880255,12.07260539,adversarial
111,1/2/2024 3:30,35.07080075,10.99381096,10.30137835,10.13499324,adversarial
112,1/2/2024 3:45,24.49973555,8.9140705,9.671141324,9.209079637,adversarial
113,1/2/2024 4:00,26.45667634,19.38164233,19.72347002,19.37043043,adversarial
114,1/2/2024 4:15,99.42167892,9.309253722,8.96135453,9.378432729,adversarial
115,1/2/2024 4:30,82.68671158,6.628455341,6.617446538,7.115723967,adversarial
116,1/2/2024 4:45,93.75899808,4.688863967,4.325153848,4.605674424,adversarial
117,1/2/2024 5:00,35.60437778,12.96532751,12.5775997,12.36441233,adversarial
118,1/2/2024 5:15,96.84548291,12.78541404,11.89902199,11.80146713,adversarial
119,1/2/2024 5:30,31.41234812,21.6080975,19.95195108,20.19145454,adversarial
120,1/2/2024 5:45,60.72654629,7.089392926,6.606701516,7.075215073,adversarial
121,1/2/2024 6:00,86.37565475,10.79088767,10.38257463,10.3380458,adversarial
122,1/2/2024 6:15,47.98426836,21.39457461,19.85105557,20.18057798,adversarial
123,1/2/2024 6:30,53.98628265,19.25678143,18.80682249,19.28189141,adversarial
124,1/2/2024 6:45,30.25480882,9.762026674,10.20195732,10.57543049,adversarial
125,1/2/2024 7:00,29.8337504,11.48595142,11.9031788,11.63032855,adversarial
126,1/2/2024 7:15,69.56545798,9.340713735,9.233898068,8.741929932,adversarial
127,1/2/2024 7:30,74.04258949,23.90891544,23.46347808,23.45555979,adversarial
128,1/2/2024 7:45,82.18660113,4.815244928,4.577006755,4.608367586,adversarial
129,1/2/2024 8:00,64.53456421,21.11780195,22.83513587,22.53638623,adversarial
130,1/2/2024 8:15,71.66074338,17.83900093,16.53843894,16.32311333,adversarial
131,1/2/2024 8:30,21.08138174,13.40902418,13.40613965,13.67129282,adversarial
132,1/2/2024 8:45,32.97365817,3.205341581,3.139439577,3.109786835,adversarial
133,1/2/2024 9:00,98.79318128,11.6487913,13.07169283,12.88904692,adversarial
134,1/2/2024 9:15,26.07948051,10.85403745,11.60558725,11.72821328,adversarial
135,1/2/2024 9:30,74.30305778,6.305951497,5.816485401,5.969245157,adversarial
136,1/2/2024 9:45,34.08661064,17.72318744,15.93697445,16.20637022,adversarial
137,1/2/2024 10:00,77.33748686,22.54513442,23.73009102,23.38680031,adversarial
138,1/2/2024 10:15,76.47923224,12.73056107,13.78763633,14.02915358,adversarial
139,1/2/2024 10:30,38.73592478,17.21654265,17.60990623,17.70933463,adversarial
140,1/2/2024 10:45,41.57075194,2.969544558,3.729163616,3.286735481,adversarial
141,1/2/2024 11:00,72.38165709,10.96581775,11.40727928,11.68472491,adversarial
142,1/2/2024 11:15,51.2068831,4.763596696,4.651543304,4.534623585,adversarial
143,1/2/2024 11:30,35.56383758,15.80911336,14.7078353,14.53821623,adversarial
144,1/2/2024 11:45,78.5343679,21.40707546,23.38414616,23.33222131,adversarial
145,1/2/2024 12:00,32.33180195,15.53971034,15.51564302,15.36181809,adversarial
146,1/2/2024 12:15,88.45149313,3.627869895,3.977407325,3.815692917,adversarial
147,1/2/2024 12:30,61.17356192,9.100175737,9.500135043,9.808212711,adversarial
148,1/2/2024 12:45,28.45604831,12.07794665,13.17269463,12.79719988,adversarial
149,1/2/2024 13:00,75.52578668,10.87060879,10.2335315,10.70413157,adversarial
150,1/2/2024 13:15,61.53304317,17.53746229,19.15311391,19.20804555,adversarial
151,1/2/2024 13:30,43.84460574,19.91450549,20.49707522,20.17999922,adversarial
152,1/2/2024 13:45,53.80315042,13.43924271,14.86563682,14.4968523,adversarial
153,1/2/2024 14:00,43.86701949,10.43259212,10.83798769,10.92949722,adversarial
154,1/2/2024 14:15,41.04206686,7.471547496,7.831122072,7.964121516,adversarial
155,1/2/2024 14:30,33.08867367,4.419565371,4.552106578,4.105132349,adversarial
156,1/2/2024 14:45,49.02137065,10.10339365,9.956855679,9.699857593,adversarial
157,1/2/2024 15:00,40.07897651,12.24836031,11.1122364,11.40769832,adversarial
158,1/2/2024 15:15,74.67475896,16.35286822,17.19348244,16.74310707,adversarial
159,1/2/2024 15:30,74.71013929,15.56985812,15.81831776,16.17340642,adversarial
160,1/2/2024 15:45,60.1472194,3.825451454,3.760885889,3.919048366,adversarial
161,1/2/2024 16:00,82.2355622,10.10615197,11.24854031,11.18296357,adversarial
162,1/2/2024 16:15,87.30717752,6.68147201,6.547682165,6.394115014,adversarial
163,1/2/2024 16:30,66.38131659,5.305468782,5.950563103,5.469812067,adversarial
164,1/2/2024 16:45,69.51481302,19.22302857,19.64334458,19.96855952,adversarial
165,1/2/2024 17:00,42.63087278,3.053855432,3.352345753,2.995067607,adversarial
166,1/2/2024 17:15,91.58953606,10.85123721,11.18183548,10.99137747,adversarial
167,1/2/2024 17:30,21.93648355,6.549343626,5.905651999,5.97475898,adversarial
168,1/2/2024 17:45,47.88819756,19.33185437,20.1580921,19.9040847,adversarial
169,1/2/2024 18:00,77.74403372,14.61852869,14.29580678,14.29294724,adversarial
170,1/2/2024 18:15,26.40716077,6.989216208,6.953461624,7.262804453,adversarial
171,1/2/2024 18:30,34.65356219,13.91080995,12.69731501,12.66785294,adversarial
172,1/2/2024 18:45,67.14285823,18.86818216,18.62863489,19.07761224,adversarial
173,1/2/2024 19:00,64.79949372,22.70932806,21.76854759,22.11604821,adversarial
174,1/2/2024 19:15,79.11426369,5.979178407,6.628532081,6.461571316,adversarial
175,1/2/2024 19:30,85.00901113,20.75645283,19.9322152,19.83217732,adversarial
176,1/2/2024 19:45,30.28636628,22.20355956,23.35469971,23.27802643,adversarial
177,1/2/2024 20:00,21.47047918,21.65282909,21.75149413,21.87767359,adversarial
178,1/2/2024 20:15,75.17108157,16.57274885,15.60642292,15.39321865,adversarial
179,1/2/2024 20:30,44.11134366,18.33934183,16.29262434,16.76187348,adversarial
180,1/2/2024 20:45,70.07871311,11.28016583,11.34425585,11.45294007,adversarial
181,1/2/2024 21:00,32.04356704,18.9613553,17.87197292,17.77137458,adversarial
182,1/2/2024 21:15,57.52320373,12.81103648,13.92269782,14.06770763,adversarial
183,1/2/2024 21:30,60.35397969,18.34267426,17.25505813,17.15046314,adversarial
184,1/2/2024 21:45,66.80622531,12.26463978,11.63718541,11.95498109,adversarial
185,1/2/2024 22:00,61.05360131,17.0577392,17.02851492,17.09635588,adversarial
186,1/2/2024 22:15,59.65526162,21.86067004,20.73708074,20.27905125,adversarial
187,1/2/2024 22:30,46.61873232,5.506840367,5.474312315,5.151069182,adversarial
188,1/2/2024 22:45,25.69441891,18.97383586,19.41200523,19.7769992,adversarial
189,1/2/2024 23:00,27.16161574,14.50784595,13.64576293,13.70866276,adversarial
190,1/2/2024 23:15,54.70226195,17.91196713,19.02134088,19.47168436,adversarial
191,1/2/2024 23:30,48.46345023,11.17722823,10.92703658,10.4994589,adversarial
192,1/2/2024 23:45,61.29078437,10.88232074,10.71813331,10.51339394,adversarial
193,1/3/2024 0:00,44.38705354,18.36227261,20.31823474,20.01177811,adversarial
194,1/3/2024 0:15,75.03280732,7.91400218,7.580618288,7.63445858,adversarial
195,1/3/2024 0:30,89.11638576,20.47037307,20.26315284,20.14594567,adversarial
196,1/3/2024 0:45,43.9090551,11.74667788,11.87139696,11.52867049,adversarial
197,1/3/2024 1:00,35.43872064,13.57199413,14.02170184,14.16445376,adversarial
198,1/3/2024 1:15,29.29444594,8.198508329,8.563841302,8.600139668,adversarial
199,1/3/2024 1:30,69.30032325,14.61184126,14.10815569,13.88289194,adversarial
200,1/3/2024 1:45,55.50847929,8.540400685,8.997247312,8.977018669,adversarial
201,1/3/2024 2:00,35.04125738,3.281180424,3.071089884,3.3168282,adversarial
202,1/3/2024 2:15,72.25093866,7.576463211,7.587096902,7.292368576,adversarial
203,1/3/2024 2:30,31.87865464,2.152947259,2.557670307,2.350576054,adversarial
204,1/3/2024 2:45,64.34405647,24.72034621,24.41545683,24.26156781,adversarial
205,1/3/2024 3:00,62.17187053,22.61785878,21.97393197,22.22065841,adversarial
206,1/3/2024 3:15,78.73822409,11.69285107,10.9304069,11.27732949,adversarial
207,1/3/2024 3:30,24.4087712,17.70678058,18.3033261,18.1797146,adversarial
208,1/3/2024 3:45,91.02983455,9.789343332,10.09364317,9.890264033,adversarial
209,1/3/2024 4:00,76.23933809,16.19939216,16.38021689,16.76966365,adversarial
210,1/3/2024 4:15,37.29007987,20.59201012,18.89716619,19.39653112,adversarial
211,1/3/2024 4:30,34.67242789,20.41659332,21.87489522,22.04524886,adversarial
212,1/3/2024 4:45,54.53281713,12.67187843,11.10802894,11.59800955,adversarial
213,1/3/2024 5:00,85.40522636,20.3767868,19.68174452,19.84171079,adversarial
214,1/3/2024 5:15,87.43599945,8.493781316,7.65026758,7.883727852,adversarial
215,1/3/2024 5:30,61.63648737,22.46398595,22.91172005,22.80037605,adversarial
216,1/3/2024 5:45,88.86486901,2.876697077,3.043575234,2.976542781,adversarial
217,1/3/2024 6:00,20.43549674,16.58081539,15.70640792,15.35054359,adversarial
218,1/3/2024 6:15,22.81397052,16.21574586,17.30737998,17.63012999,adversarial
219,1/3/2024 6:30,92.94572749,16.51245598,17.45076085,17.88181988,adversarial
220,1/3/2024 6:45,82.02655439,4.754115298,4.82943933,4.952877463,adversarial
221,1/3/2024 7:00,56.05648466,24.35105789,22.4567753,22.30042261,adversarial
222,1/3/2024 7:15,80.28881052,6.121814964,6.309097973,5.963114298,adversarial
223,1/3/2024 7:30,96.45115694,14.60776067,14.68597242,14.45112865,adversarial
224,1/3/2024 7:45,81.76716191,7.136659392,7.099700864,6.855111285,adversarial
225,1/3/2024 8:00,87.38970671,9.045772829,9.084051815,9.197579699,adversarial
226,1/3/2024 8:15,80.84852651,14.47230594,13.31694774,13.7619852,adversarial
227,1/3/2024 8:30,33.45688739,10.88470985,11.57394012,11.12221201,adversarial
228,1/3/2024 8:45,86.68592877,5.647187578,5.800144164,5.301166463,adversarial
229,1/3/2024 9:00,35.6087056,6.111545044,6.309684593,6.409866537,adversarial
230,1/3/2024 9:15,91.40890624,9.864628987,10.53988788,10.32394835,adversarial
231,1/3/2024 9:30,56.69199185,18.27831311,17.81630362,18.19685197,adversarial
232,1/3/2024 9:45,74.15814018,21.14890893,21.61863629,21.44588659,honest
233,1/3/2024 10:00,59.77926783,3.924712751,4.022057695,3.811795296,honest
234,1/3/2024 10:15,27.51927435,10.43445932,10.95606053,10.72557115,honest
235,1/3/2024 10:30,43.25778461,4.033126737,4.61799841,4.262851237,honest
236,1/3/2024 10:45,98.69854832,2.629435324,2.56387859,2.645409064,honest
237,1/3/2024 11:00,96.85718013,16.23805163,16.37425942,16.04247303,honest
238,1/3/2024 11:15,45.63895181,13.95896642,15.10893436,15.03356552,honest
239,1/3/2024 11:30,99.70374434,5.726303276,5.701102209,5.662074261,honest
240,1/3/2024 11:45,87.64409564,6.957863627,7.698322028,7.218814075,honest
241,1/3/2024 12:00,68.87675995,2.433938208,2.970634871,2.487442151,honest
242,1/3/2024 12:15,23.20996962,19.62683323,20.51287666,20.53308934,honest
243,1/3/2024 12:30,92.11574636,25.84164515,23.59303992,23.78907465,honest
244,1/3/2024 12:45,64.59434234,5.838120783,5.18948208,5.631624562,honest
245,1/3/2024 13:00,89.4780921,6.966748744,7.635113579,7.314232863,honest
246,1/3/2024 13:15,86.75432959,21.43910672,21.23150907,20.83476788,honest
247,1/3/2024 13:30,86.64049722,23.68163524,22.58618884,22.13827675,honest
248,1/3/2024 13:45,75.85390886,11.44968036,11.74342002,11.6794616,honest
249,1/3/2024 14:00,43.31321109,3.672504977,3.322006718,3.445154085,honest
250,1/3/2024 14:15,46.89282062,3.396299908,3.307917986,3.648471343,honest
251,1/3/2024 14:30,44.67753701,15.0187406,13.92533699,14.10798187,honest
252,1/3/2024 14:45,21.60367996,10.23948988,10.44927028,10.15763107,honest
253,1/3/2024 15:00,66.60551274,2.69751263,2.893964549,2.855734915,honest
254,1/3/2024 15:15,75.90669364,15.69624263,15.58291877,15.99326512,honest
255,1/3/2024 15:30,88.30927948,2.780910132,2.706890209,2.533631271,honest
256,1/3/2024 15:45,31.21323467,20.59494853,19.49093574,19.48966611,honest
257,1/3/2024 16:00,63.53465192,9.68894502,9.087030868,9.545596203,honest
258,1/3/2024 16:15,20.64065125,3.195109091,3.226825704,3.46153371,honest
259,1/3/2024 16:30,27.60749182,15.62461856,15.638003,15.88574338,honest
260,1/3/2024 16:45,24.33693954,10.01023848,10.75588583,10.50821984,honest
261,1/3/2024 17:00,78.03824272,20.57917896,22.59588392,22.51058203,honest
262,1/3/2024 17:15,26.48476511,12.95437104,13.26359787,12.84594003,honest
263,1/3/2024 17:30,77.31623852,9.24395034,8.4698629,8.576388767,honest
264,1/3/2024 17:45,39.96997635,18.09158794,17.87403899,17.47776915,honest
265,1/3/2024 18:00,90.21703686,7.892544761,7.972591323,8.308500906,honest
266,1/3/2024 18:15,85.05199907,20.78915257,20.17308383,20.48763762,honest
267,1/3/2024 18:30,96.6264174,11.70693194,10.72004919,10.75365429,honest
268,1/3/2024 18:45,90.70096124,13.31732678,13.10777459,12.74894062,honest
269,1/3/2024 19:00,94.66635353,3.149102223,3.508545751,3.034124734,honest
270,1/3/2024 19:15,88.69939172,13.49682913,12.04458498,12.34129365,honest
271,1/3/2024 19:30,75.47055205,21.08509542,19.79568848,19.89582896,honest
272,1/3/2024 19:45,33.62073217,17.56760494,18.73346468,18.94439432,honest
273,1/3/2024 20:00,41.73660151,6.867827041,7.279881021,7.083688147,honest
274,1/3/2024 20:15,37.01815729,8.120950777,7.420290091,7.429772829,honest
275,1/3/2024 20:30,68.28686301,19.95839199,19.75239536,19.99956953,honest
276,1/3/2024 20:45,60.28959504,21.49376159,23.34126515,23.30382846,honest
277,1/3/2024 21:00,89.36639977,4.183410766,4.116950235,4.218334458,honest
278,1/3/2024 21:15,96.21382932,12.64504806,11.87600631,12.16573458,honest
279,1/3/2024 21:30,52.38879117,10.40900725,9.751733376,9.466954022,honest
280,1/3/2024 21:45,60.50804426,20.54240631,21.72636953,21.29229842,honest
281,1/3/2024 22:00,97.72130854,3.991031383,3.94799523,3.979818741,honest
282,1/3/2024 22:15,42.09911533,7.142553115,7.076328728,6.638454499,honest
283,1/3/2024 22:30,83.39126203,18.11418422,18.38760056,18.65415785,honest
284,1/3/2024 22:45,38.01919219,3.326703026,3.389504379,3.608715827,honest
285,1/3/2024 23:00,74.51680923,13.67529066,12.16687569,12.54858836,honest
286,1/3/2024 23:15,40.28925021,12.35713025,12.24620204,12.38576414,honest
287,1/3/2024 23:30,90.69867111,8.58229768,9.010324641,8.577522212,honest
288,1/3/2024 23:45,64.9182355,10.43562455,10.43549923,10.18865135,honest
289,1/4/2024 0:00,34.87469127,12.16205083,13.19484591,13.50277775,honest
290,1/4/2024 0:15,37.94953406,6.195072275,6.036165914,5.703298332,honest
291,1/4/2024 0:30,59.50793566,14.5500555,14.76624431,14.96472477,honest
292,1/4/2024 0:45,96.92816205,19.97883643,20.11908151,20.39934084,honest
293,1/4/2024 1:00,81.57137311,16.51877654,17.84039574,17.67050754,honest
294,1/4/2024 1:15,59.06477143,5.382193058,5.694334117,5.51663159,honest
295,1/4/2024 1:30,47.01753156,5.956184844,5.557061815,5.614864496,honest
296,1/4/2024 1:45,63.94147947,9.247442513,8.362729746,8.724016078,honest
297,1/4/2024 2:00,79.86886667,11.11985497,10.50445157,10.22835777,honest
298,1/4/2024 2:15,82.71428708,10.53775855,10.3044744,10.74573259,honest
299,1/4/2024 2:30,45.96870385,17.91412575,17.09716042,17.1962791,honest
300,1/4/2024 2:45,77.69274146,3.843437949,3.3457561,3.837882572,honest
301,1/4/2024 3:00,72.6231024,2.855869374,3.102559261,2.692172985,honest
302,1/4/2024 3:15,96.72898336,10.40115024,10.35047999,9.977042124,honest
303,1/4/2024 3:30,94.48722324,16.55084498,16.67333255,16.99997436,honest
304,1/4/2024 3:45,83.15034605,6.46663755,6.320248894,6.68500479,honest
305,1/4/2024 4:00,77.87157511,15.31213414,16.16429357,16.10975226,honest
306,1/4/2024 4:15,41.92332718,8.014022732,7.679160188,7.893231365,honest
307,1/4/2024 4:30,87.67722049,24.13358076,21.71724769,22.08480497,honest
308,1/4/2024 4:45,54.2004563,19.34306911,21.03431311,20.5774409,honest
309,1/4/2024 5:00,41.7792434,7.568940002,8.161658041,8.235608464,honest
310,1/4/2024 5:15,50.73286064,7.233229914,7.475705926,7.829186592,honest
311,1/4/2024 5:30,86.8748392,11.24776107,10.74688669,10.64504163,honest
312,1/4/2024 5:45,31.89065725,6.960669753,7.37340953,7.175793136,honest
313,1/4/2024 6:00,56.49269929,16.30749355,16.96321302,17.25891971,honest
314,1/4/2024 6:15,59.38860756,18.66705304,19.39731939,19.23310597,honest
315,1/4/2024 6:30,22.93037581,15.59056853,15.64703576,15.15021006,honest
316,1/4/2024 6:45,35.65968236,20.11259848,19.46656852,19.92614111,honest
317,1/4/2024 7:00,86.13939429,12.00597093,11.35611384,11.44823707,honest
318,1/4/2024 7:15,86.46139109,5.882341754,5.758444077,6.077961996,honest
319,1/4/2024 7:30,43.39320671,18.4968909,18.35077292,18.67607448,honest
320,1/4/2024 7:45,89.99177877,8.935990423,10.14246816,9.708878579,honest
321,1/4/2024 8:00,81.74263513,14.25182729,15.91151955,15.58237975,honest
322,1/4/2024 8:15,53.4325987,7.742173761,7.989942931,7.801063612,honest
323,1/4/2024 8:30,79.87250755,3.859546517,4.198324836,4.019024121,honest
324,1/4/2024 8:45,96.9067705,22.8174002,22.15520783,22.31399395,honest
325,1/4/2024 9:00,56.71757745,5.103119235,5.493328451,5.616461372,honest
326,1/4/2024 9:15,39.07417432,20.87711413,22.59105435,22.58564413,honest
327,1/4/2024 9:30,95.34532,24.17658134,22.8196976,22.53096133,honest
328,1/4/2024 9:45,68.29954309,20.46275723,20.31294211,20.19492558,honest
329,1/4/2024 10:00,28.421213,16.09545376,15.39700978,15.44060375,honest
330,1/4/2024 10:15,65.81462527,15.5701284,14.60540444,14.57338981,honest
331,1/4/2024 10:30,60.04647116,19.30867249,19.82205968,19.44935221,honest
332,1/4/2024 10:45,88.44711153,9.606892818,8.98067631,9.130186804,honest
333,1/4/2024 11:00,62.45561518,11.26532549,11.63715184,11.21020362,honest
334,1/4/2024 11:15,40.41859475,14.29874501,15.25996501,15.13815969,honest
335,1/4/2024 11:30,74.05152511,11.21579304,11.38214737,11.59217672,honest
336,1/4/2024 11:45,63.4060362,11.18719579,11.6888043,11.20882783,honest
337,1/4/2024 12:00,38.64357026,8.972329822,9.243431133,9.313413952,honest
338,1/4/2024 12:15,65.89022864,13.38297287,14.00365111,13.83817209,honest
339,1/4/2024 12:30,85.72284623,18.94577325,20.07379656,19.58262841,honest
340,1/4/2024 12:45,22.28567342,5.643311364,6.413344513,6.103727785,honest
341,1/4/2024 13:00,70.46808309,19.91785962,21.28142273,21.72236892,honest
342,1/4/2024 13:15,47.96681566,15.37507609,16.88756052,16.90870943,honest
343,1/4/2024 13:30,43.41371566,18.14457757,19.17827669,19.67550389,honest
344,1/4/2024 13:45,51.40702003,13.32534474,13.73049967,13.75531642,honest
345,1/4/2024 14:00,47.36181314,19.61921555,19.21372877,19.25766518,honest
346,1/4/2024 14:15,86.57912854,2.574296115,2.853693929,2.745536942,honest
347,1/4/2024 14:30,41.98382486,21.2598729,19.91883672,19.72887713,honest
348,1/4/2024 14:45,78.65224185,2.949052162,3.026185894,2.777731447,honest
349,1/4/2024 15:00,27.52478562,19.94955679,20.02456968,19.8679903,honest
350,1/4/2024 15:15,96.1117098,25.73898879,24.67448562,24.6343367,honest
351,1/4/2024 15:30,69.78533098,7.824821242,8.347766568,8.039758519,honest
352,1/4/2024 15:45,76.53748616,5.59755245,6.444208678,6.16908377,honest
353,1/4/2024 16:00,43.84314657,20.04290554,18.77182229,18.54336706,honest
354,1/4/2024 16:15,52.9677255,7.193752177,7.823075018,7.77233491,honest
355,1/4/2024 16:30,37.9022709,23.10041772,21.04825435,21.20106772,honest
356,1/4/2024 16:45,94.60288686,4.815144846,4.390754791,4.746900941,honest
357,1/4/2024 17:00,59.04835577,4.316084514,4.70358492,4.490716758,honest
358,1/4/2024 17:15,70.43584925,24.090072,24.42792541,24.11165375,honest
359,1/4/2024 17:30,78.74176244,15.95779153,16.07374413,15.9525916,honest
360,1/4/2024 17:45,49.68848729,19.09854538,20.7169736,21.11135668,honest
361,1/4/2024 18:00,77.60813236,8.703275434,9.452498862,8.96235959,honest
362,1/4/2024 18:15,74.07939918,17.88830592,16.89156275,17.06943136,honest
363,1/4/2024 18:30,76.45274671,14.56834495,14.56190559,14.53906563,honest
364,1/4/2024 18:45,59.13839202,13.59338557,14.66518295,14.32622916,honest
365,1/4/2024 19:00,50.63499058,16.26131608,16.99484879,16.81587032,honest
366,1/4/2024 19:15,37.76657506,16.00586823,15.1973937,14.92234374,honest
367,1/4/2024 19:30,85.97010822,12.51768767,12.07621614,12.4540483,honest
368,1/4/2024 19:45,68.66800372,7.799792128,7.77393999,7.755813374,honest
369,1/4/2024 20:00,55.54817569,19.4960722,17.78565456,17.84874884,honest
370,1/4/2024 20:15,95.51967254,7.36098027,7.540787968,7.634475587,honest
371,1/4/2024 20:30,23.827105,17.57383634,17.50642284,17.64603996,honest
372,1/4/2024 20:45,88.01375562,8.112823049,7.641172928,7.636728618,honest
373,1/4/2024 21:00,99.80660744,15.25328975,14.98445036,14.50232389,honest
374,1/4/2024 21:15,90.95536887,17.3364287,18.35365156,18.18837425,honest
375,1/4/2024 21:30,84.83492685,6.361569158,7.154919091,6.838792331,honest
376,1/4/2024 21:45,49.94447947,4.036919795,3.700984931,3.881127774,honest
377,1/4/2024 22:00,38.50513458,4.392995711,5.060059936,4.616764588,honest
378,1/4/2024 22:15,78.78804164,15.50055705,14.22854742,14.29235081,honest
379,1/4/2024 22:30,44.3660293,18.74057639,20.53086066,20.24149238,honest
380,1/4/2024 22:45,34.08317457,3.513961644,3.197617187,3.646463025,honest
381,1/4/2024 23:00,82.92207097,16.03222245,17.76376895,17.59930989,honest
382,1/4/2024 23:15,45.00349218,10.3577759,10.12785218,9.953073375,honest
383,1/4/2024 23:30,93.15533836,13.72995148,12.31013656,12.73352123,honest
384,1/4/2024 23:45,87.25061159,23.48826824,22.94951547,22.86686339,honest
385,1/5/2024 0:00,87.81122636,10.28980957,8.998591269,9.461453603,honest
386,1/5/2024 0:15,81.72557808,11.09402944,12.46029535,11.9844657,honest
387,1/5/2024 0:30,90.4705139,2.391541262,2.800106997,2.606451573,honest
388,1/5/2024 0:45,84.45975137,4.307954171,3.868671322,4.034864282,honest
389,1/5/2024 1:00,68.20090909,8.268133148,7.328418448,7.719275413,honest
390,1/5/2024 1:15,43.66581749,2.847372909,2.914155087,2.67056068,honest
391,1/5/2024 1:30,91.05673546,16.23326939,14.886919,15.31739659,honest
392,1/5/2024 1:45,87.24828982,11.49714822,11.72879938,11.82292085,honest
393,1/5/2024 2:00,57.83034578,14.13556624,14.68116436,14.98217261,honest
394,1/5/2024 2:15,23.12629488,6.395228136,5.992882035,5.890089339,honest
395,1/5/2024 2:30,71.08349819,7.745003049,8.343782541,8.055962924,honest
396,1/5/2024 2:45,24.04774829,16.32528911,16.252638,16.66387341,honest
397,1/5/2024 3:00,94.10239695,24.80054304,23.41556288,23.84869874,honest
398,1/5/2024 3:15,96.93050053,3.067533159,3.202200866,3.19977601,honest
399,1/5/2024 3:30,35.15921167,22.26589013,21.42351534,20.93001036,honest
400,1/5/2024 3:45,74.11115024,13.13543906,14.76148569,14.37126864,honest
401,1/5/2024 4:00,27.38152037,15.45117938,14.52784707,14.60087503,honest
402,1/5/2024 4:15,78.36135429,12.27384019,12.50503344,12.02881014,honest
403,1/5/2024 4:30,47.78301329,3.874669794,3.922006515,3.818918439,honest
404,1/5/2024 4:45,74.48400894,3.800622577,4.029156854,3.832526799,honest
405,1/5/2024 5:00,49.83012074,14.04021062,14.48114744,14.69549572,honest
406,1/5/2024 5:15,31.64540079,9.508763922,10.02200925,9.577587922,honest
407,1/5/2024 5:30,52.48879844,22.17790505,22.41306399,22.40179525,honest
408,1/5/2024 5:45,29.01388213,10.52217178,10.2697061,10.34882037,honest
409,1/5/2024 6:00,66.150662,5.092246232,5.207572585,5.324863661,honest
410,1/5/2024 6:15,23.27612257,15.32090248,16.8295038,16.73466147,honest
411,1/5/2024 6:30,62.18557437,7.53294223,8.304132943,8.108500726,honest
412,1/5/2024 6:45,90.90949177,13.73862191,13.02981035,13.21230338,honest
413,1/5/2024 7:00,87.02986161,14.92533262,16.15365587,16.50122492,honest
414,1/5/2024 7:15,90.62253597,23.00279677,21.27846428,21.47208192,honest
415,1/5/2024 7:30,93.76390417,20.88621827,19.67246122,20.10456358,honest
416,1/5/2024 7:45,28.36223103,18.01604513,16.8819669,17.09923042,honest
417,1/5/2024 8:00,30.29977623,18.52434301,17.09332448,17.35794321,honest
418,1/5/2024 8:15,64.56054451,19.25711208,21.16090743,20.82881062,honest
419,1/5/2024 8:30,91.51781347,9.604132495,9.102743821,9.022283466,honest
420,1/5/2024 8:45,97.94795652,2.463425185,2.476084716,2.461140047,honest
421,1/5/2024 9:00,23.70095339,8.803909792,8.417386925,8.173680088,honest
422,1/5/2024 9:15,48.46192674,7.83624591,7.245311365,7.273851226,honest
423,1/5/2024 9:30,37.03154037,15.41988277,17.25084813,17.04164008,honest
424,1/5/2024 9:45,80.47726791,15.65397574,15.841996,16.0294981,honest
425,1/5/2024 10:00,71.21550948,14.37733971,14.33154102,14.3018295,honest
426,1/5/2024 10:15,29.59104252,2.788560034,2.73370572,2.692512674,honest
427,1/5/2024 10:30,58.68176539,17.99422328,18.3144384,18.79808093,honest
428,1/5/2024 10:45,74.83524179,8.900113097,9.471871926,9.364316774,honest
429,1/5/2024 11:00,82.32043151,15.93555508,16.46088384,16.32317927,honest
430,1/5/2024 11:15,21.60421678,13.16474308,13.34366765,13.16227202,honest
431,1/5/2024 11:30,91.23756592,10.72302989,9.440824283,9.835573504,honest
432,1/5/2024 11:45,65.54251064,5.758988212,5.47540607,5.472129897,honest
433,1/5/2024 12:00,84.9527292,4.430313645,4.393823005,4.493837483,honest
434,1/5/2024 12:15,84.6350424,17.95785658,20.03417135,19.71498983,honest
435,1/5/2024 12:30,35.18821282,19.76888653,21.13159629,21.17253865,honest
436,1/5/2024 12:45,28.81376962,15.45991029,15.822755,15.5974032,honest
437,1/5/2024 13:00,77.70298152,5.310936681,4.766644493,4.997281414,honest
438,1/5/2024 13:15,32.51415351,11.14363736,11.08350578,11.41603412,honest
439,1/5/2024 13:30,87.99499931,18.77717466,18.4188969,18.63370759,honest
440,1/5/2024 13:45,78.09515871,20.44964185,18.73338886,18.96363303,honest
441,1/5/2024 14:00,87.34602915,5.352562302,4.930971674,4.943446378,honest
442,1/5/2024 14:15,43.92101437,2.345873565,2.275143917,2.487261973,honest
443,1/5/2024 14:30,45.32784483,16.16709,17.8683907,17.79107763,honest
444,1/5/2024 14:45,73.69772451,9.564758837,9.800583386,9.952072539,honest
445,1/5/2024 15:00,22.5156764,7.725748691,7.675566865,7.434606075,honest
446,1/5/2024 15:15,78.11973971,2.444862059,2.67277806,2.242535072,honest
447,1/5/2024 15:30,86.86264567,13.23507365,14.54466647,14.45813974,honest
448,1/5/2024 15:45,53.21308693,17.37204103,19.2190799,19.18085805,honest
449,1/5/2024 16:00,81.19030641,25.08732338,23.54099017,23.29739733,honest
450,1/5/2024 16:15,33.96887336,14.86672864,13.93608348,14.163793,honest
451,1/5/2024 16:30,45.78083151,13.96094984,13.13613448,12.70968496,honest
452,1/5/2024 16:45,97.94439705,3.543780804,3.895722876,3.618471201,honest
453,1/5/2024 17:00,98.90625388,13.62011294,13.60413251,13.85269722,honest
454,1/5/2024 17:15,61.00840424,9.650352356,10.3900464,10.32717067,honest
455,1/5/2024 17:30,94.74158332,13.41873157,14.33021888,14.5355025,honest
456,1/5/2024 17:45,61.81845424,10.79433903,10.5595454,10.62703128,honest
457,1/5/2024 18:00,43.32705025,8.063316117,7.837572286,8.288285036,honest
458,1/5/2024 18:15,41.35194305,3.881130892,4.138953894,4.236749727,honest
459,1/5/2024 18:30,94.36045643,9.512961169,9.314705931,8.829574905,honest
460,1/5/2024 18:45,33.79571112,3.943092266,4.343369031,4.196246381,honest
461,1/5/2024 19:00,66.37059666,6.146194775,6.212036968,5.85509765,honest
462,1/5/2024 19:15,64.44200545,21.94631779,22.52106763,22.9457013,honest
463,1/5/2024 19:30,79.16973477,11.51450401,11.23234202,10.83635448,honest
464,1/5/2024 19:45,59.9394326,11.91300628,13.0096327,12.89733937,honest
465,1/5/2024 20:00,41.78285286,20.40529774,19.68506874,19.41116793,honest
466,1/5/2024 20:15,33.55171997,20.98002575,22.46698327,22.81370526,honest
467,1/5/2024 20:30,69.66550428,14.63358442,14.98204754,14.79061404,honest
468,1/5/2024 20:45,77.51926055,21.95929538,20.4856353,20.97752878,honest
469,1/5/2024 21:00,65.56170229,8.575307618,9.636331919,9.174948524,honest
470,1/5/2024 21:15,79.06810217,8.282197928,9.024854974,8.653131746,honest
471,1/5/2024 21:30,31.3216962,10.78465652,10.3267358,10.05137458,honest
472,1/5/2024 21:45,90.5976156,17.70476864,16.12749781,16.43860385,honest
473,1/5/2024 22:00,66.59164067,15.22507331,16.37097623,16.74949344,honest
474,1/5/2024 22:15,30.14751415,7.749897931,8.729477863,8.300929244,honest
475,1/5/2024 22:30,56.95401634,4.349426561,5.177288631,4.709748773,honest
476,1/5/2024 22:45,87.58333903,15.01349518,15.79655404,16.04111089,honest
477,1/5/2024 23:00,91.80497548,5.037959377,4.971571655,4.604923662,honest
478,1/5/2024 23:15,41.1719604,14.08995641,14.31288223,13.94588082,honest
479,1/5/2024 23:30,76.90126598,17.14192141,17.72957954,17.25194607,honest
480,1/5/2024 23:45,27.9988198,19.03304328,17.80196212,17.35177,honest
481,1/6/2024 0:00,22.68366971,17.80143027,17.83725859,17.60093405,honest
482,1/6/2024 0:15,64.83191631,22.16731372,21.91029698,21.47530247,honest
483,1/6/2024 0:30,75.58620635,13.08724549,13.67122732,13.54010641,honest
484,1/6/2024 0:45,83.66293849,17.31584705,17.4011861,17.73396113,honest
485,1/6/2024 1:00,47.21729908,15.26772446,15.15846336,14.98478362,honest
486,1/6/2024 1:15,20.52203283,5.967955927,6.301964179,6.529798342,honest
487,1/6/2024 1:30,58.36153897,2.520788416,3.056269273,2.650179238,honest
488,1/6/2024 1:45,21.26828363,8.387973305,8.77005796,8.929433147,honest
489,1/6/2024 2:00,27.35876085,9.882830227,11.12552865,10.94227583,honest
490,1/6/2024 2:15,46.1351218,15.55458808,15.19087941,15.44063229,honest
491,1/6/2024 2:30,54.97376396,20.34683355,20.46513222,20.10138423,honest
492,1/6/2024 2:45,42.3575553,6.740890874,6.503196433,6.901079811,honest
493,1/6/2024 3:00,66.54922132,4.341772355,4.809761322,4.552338525,honest
494,1/6/2024 3:15,24.42798314,24.34019402,23.76867038,23.62180818,honest
495,1/6/2024 3:30,31.56637682,4.810797155,4.739841886,5.190022597,honest
496,1/6/2024 3:45,75.62067206,13.13521468,13.00801122,13.08649358,honest
497,1/6/2024 4:00,31.37126829,16.09426937,15.40951639,15.27528791,honest
498,1/6/2024 4:15,71.18201613,13.70109768,14.23760023,14.68720237,honest
499,1/6/2024 4:30,24.37476966,4.167200811,4.137222725,3.966300142,honest
500,1/6/2024 4:45,52.59058233,3.368144929,3.606304436,3.201175149,honest
501,1/6/2024 5:00,34.19275761,4.449761815,4.382354396,4.879203284,honest
502,1/6/2024 5:15,28.7709026,13.40241293,15.06182161,14.82966653,honest
503,1/6/2024 5:30,65.36262268,14.94003019,13.29525885,13.6465167,honest
504,1/6/2024 5:45,94.26686176,6.70191111,7.474204242,7.139745037,honest
505,1/6/2024 6:00,24.38296383,16.52367456,15.29217324,15.52352721,honest
506,1/6/2024 6:15,53.72433986,18.98936197,18.73288193,18.75733133,honest
507,1/6/2024 6:30,76.60283502,3.40403495,3.091404116,3.572310675,honest
508,1/6/2024 6:45,57.01502654,11.22219661,12.06624985,12.1190802,honest
509,1/6/2024 7:00,84.51967569,16.91540836,17.40164174,16.92665689,honest
510,1/6/2024 7:15,34.37162527,7.869745267,7.914438975,8.018316965,honest
511,1/6/2024 7:30,96.7675364,8.860524404,8.876243989,8.521560445,honest
512,1/6/2024 7:45,50.81301022,16.17395202,14.66578881,14.96432973,honest
513,1/6/2024 8:00,47.32557064,21.81870765,20.20675636,20.56332456,honest
514,1/6/2024 8:15,89.96846356,17.44218758,18.28407336,18.26616688,honest
515,1/6/2024 8:30,65.10936255,15.42665862,14.05666527,14.33988673,honest
516,1/6/2024 8:45,61.31554735,19.54919062,18.68205623,18.32716697,honest
517,1/6/2024 9:00,78.15823356,10.56069383,9.733864744,9.725942931,honest
518,1/6/2024 9:15,66.38673906,15.37625931,15.61050327,15.50444753,honest
519,1/6/2024 9:30,33.00125158,12.33469744,11.59459649,11.70591388,honest
520,1/6/2024 9:45,73.93580983,5.7901868,6.141476901,5.685954089,honest
521,1/6/2024 10:00,30.67751034,16.82336659,17.23395653,17.48607937,honest
522,1/6/2024 10:15,84.46861643,15.2663597,14.31344639,13.89257568,honest
523,1/6/2024 10:30,99.17892782,8.866358642,9.611882332,9.768353849,honest
524,1/6/2024 10:45,50.19101,18.57668473,20.40389228,19.9223495,honest
525,1/6/2024 11:00,55.58047186,3.328056552,2.7539074,3.085795463,honest
526,1/6/2024 11:15,23.71469244,7.658961722,8.722248274,8.396947905,honest
527,1/6/2024 11:30,21.09865505,3.707570222,3.425836895,3.441334371,honest
528,1/6/2024 11:45,93.71354679,20.24887702,19.65175456,19.41324746,honest
529,1/6/2024 12:00,30.28992484,16.0395186,17.45493248,17.67757969,honest
530,1/6/2024 12:15,55.6622998,9.116679242,9.426049315,9.247400415,honest
531,1/6/2024 12:30,85.22836991,17.53518173,16.46135229,16.68596148,honest
532,1/6/2024 12:45,91.14550079,10.58470865,10.62679496,10.41166617,honest
533,1/6/2024 13:00,61.55181482,20.32258712,18.44056251,18.6930356,honest
534,1/6/2024 13:15,65.202602,12.65303989,12.25579447,11.78639997,honest
535,1/6/2024 13:30,73.5747178,10.76587413,11.35538006,11.1386914,honest
536,1/6/2024 13:45,96.91059761,19.43066791,21.19247656,21.19111007,honest
537,1/6/2024 14:00,68.21359688,7.841105079,7.656203164,7.201262746,honest
538,1/6/2024 14:15,64.75802076,4.544107271,4.842416754,4.528450815,honest
539,1/6/2024 14:30,21.16273082,14.49495979,15.4090352,15.84357218,honest
540,1/6/2024 14:45,26.47597616,25.21264956,23.23452752,23.71136178,honest
541,1/6/2024 15:00,66.17373013,11.40695968,10.38421013,10.62396008,honest
542,1/6/2024 15:15,94.89923102,3.32466798,3.48227483,3.234474881,honest
543,1/6/2024 15:30,89.33530787,9.316448955,9.6547752,9.415292645,honest
544,1/6/2024 15:45,98.60631384,12.96583061,12.41271028,12.55850063,honest
545,1/6/2024 16:00,62.226723,5.490199263,5.654661561,5.272261178,honest
546,1/6/2024 16:15,83.03447508,17.23116037,15.52708896,15.97539834,honest
547,1/6/2024 16:30,87.23202652,25.91781586,24.02745335,23.75226625,honest
548,1/6/2024 16:45,71.84253259,11.99176644,11.45788226,11.95751788,honest
549,1/6/2024 17:00,47.09999234,10.29203638,9.716493252,9.712227047,honest
550,1/6/2024 17:15,57.59827477,12.72477344,11.3716766,11.64310659,honest
551,1/6/2024 17:30,88.63336578,3.820432875,4.604710124,4.106894219,honest
552,1/6/2024 17:45,43.88383408,19.37518111,21.05219201,21.44093841,honest
553,1/6/2024 18:00,93.8994505,11.57433485,11.00892601,10.77892806,honest
554,1/6/2024 18:15,38.38450731,9.447226637,9.892421797,10.06035854,honest
555,1/6/2024 18:30,79.96131321,15.64255449,16.91172684,17.21808212,honest
556,1/6/2024 18:45,70.44473875,9.990807009,11.05538112,10.71952886,honest
557,1/6/2024 19:00,79.96795529,15.58019392,16.00735473,15.94986421,honest
558,1/6/2024 19:15,54.98780579,3.465541136,3.677859356,3.671695297,honest
559,1/6/2024 19:30,94.611285,18.92602563,19.88093639,19.69305586,honest
560,1/6/2024 19:45,70.59777619,24.92245185,22.77725183,22.75900766,honest
561,1/6/2024 20:00,43.06366436,16.01159387,15.56518512,15.38273078,honest
562,1/6/2024 20:15,71.07640565,21.88064051,21.1291176,20.98986535,honest
563,1/6/2024 20:30,42.94525978,5.403824652,5.711185343,5.880516522,honest
564,1/6/2024 20:45,43.49059134,13.22319194,12.50401159,12.63660486,honest
565,1/6/2024 21:00,51.96788093,16.19739505,15.72519806,15.45746378,honest
566,1/6/2024 21:15,88.19443341,16.1525102,15.25494775,15.65243064,honest
567,1/6/2024 21:30,60.02382995,11.04453996,11.31606178,11.67885033,honest
568,1/6/2024 21:45,74.31206738,9.34539067,9.482407646,9.491490952,honest
569,1/6/2024 22:00,51.35741922,5.195188078,4.925446822,4.858697565,honest
570,1/6/2024 22:15,41.08843518,11.2793726,11.03120275,10.90805873,honest
571,1/6/2024 22:30,96.37121286,6.239073752,5.754273617,5.961541536,honest
572,1/6/2024 22:45,68.28649977,17.63372078,17.15919992,17.33086597,honest
573,1/6/2024 23:00,94.71610709,6.701341221,7.073416294,6.769596901,honest
574,1/6/2024 23:15,36.27304018,4.139268348,3.763916957,3.935374988,honest
575,1/6/2024 23:30,31.75153311,12.53861166,13.9721915,13.72462269,honest
576,1/6/2024 23:45,88.46583257,14.12115153,14.12991719,13.64847553,honest
577,1/7/2024 0:00,74.47337701,22.7501169,20.49323315,20.69244183,honest
578,1/7/2024 0:15,34.92627994,16.1171335,15.11708865,15.26188225,honest
579,1/7/2024 0:30,41.54877605,9.64152229,10.1522264,10.06303566,honest
580,1/7/2024 0:45,84.05311532,17.7997846,18.60183286,18.62751891,honest
581,1/7/2024 1:00,56.3094896,13.9127168,13.01531213,13.46248132,honest
582,1/7/2024 1:15,73.64324052,4.657655805,4.220757574,4.315957755,honest
583,1/7/2024 1:30,45.46816177,14.4960008,14.11559408,14.27347802,honest
584,1/7/2024 1:45,50.49839622,21.34978394,21.6695038,21.23341512,honest
585,1/7/2024 2:00,99.25700469,10.28945455,11.37328283,11.03927729,honest
586,1/7/2024 2:15,39.80936697,8.283636909,8.140477381,7.941429658,honest
587,1/7/2024 2:30,60.51651016,5.74927591,5.486327999,5.525707317,honest
588,1/7/2024 2:45,87.55218746,6.043983498,5.251154884,5.52774578,honest
589,1/7/2024 3:00,39.13785709,10.69625481,11.32024513,11.14148601,honest
590,1/7/2024 3:15,53.21710053,16.1738628,15.52840837,15.3847908,honest
591,1/7/2024 3:30,69.20730299,3.726924322,4.020576949,3.776727834,honest
592,1/7/2024 3:45,58.49505212,23.66040896,23.63230006,23.38690938,honest
593,1/7/2024 4:00,56.76018133,20.10477771,18.45920745,18.9080713,honest
594,1/7/2024 4:15,49.00077851,13.746335,14.42018601,14.55564319,honest
595,1/7/2024 4:30,66.93170622,18.22600275,19.16146066,18.81736191,honest
596,1/7/2024 4:45,69.94981583,4.42007858,3.968743128,4.190991706,honest
597,1/7/2024 5:00,72.26316327,12.6303225,12.2327933,12.45481444,honest
598,1/7/2024 5:15,25.62944863,13.75874058,14.81335726,14.97982745,honest
599,1/7/2024 5:30,70.48273406,18.91198772,19.54507138,19.17979183,honest
600,1/7/2024 5:45,96.2589743,19.06673178,18.83400407,18.74199555,honest
601,1/7/2024 6:00,63.27889884,8.709560356,8.443463168,8.050219499,honest
602,1/7/2024 6:15,77.2213666,21.57774119,22.69478632,23.01140683,honest
603,1/7/2024 6:30,64.53858462,5.590146247,5.112633924,5.267806067,honest
604,1/7/2024 6:45,88.37924949,18.11233658,19.54991697,19.55712091,honest
605,1/7/2024 7:00,94.36664757,20.77436501,22.06054067,21.90355614,honest
606,1/7/2024 7:15,34.73759194,5.603679946,6.222638244,5.906887719,honest
607,1/7/2024 7:30,54.94880292,18.49006178,17.58568009,17.19212768,honest
608,1/7/2024 7:45,51.39056807,3.260240383,2.999825266,3.469065874,honest
609,1/7/2024 8:00,52.41720986,11.68312824,11.34935366,11.0490023,honest
610,1/7/2024 8:15,30.0419345,13.18986735,13.73152162,13.29139625,honest
611,1/7/2024 8:30,85.08925808,16.69826166,14.72108104,15.18274781,honest
612,1/7/2024 8:45,22.86129944,22.39044456,20.91945137,20.96840311,honest
613,1/7/2024 9:00,62.25812862,18.26398981,17.13180185,17.42845858,honest
614,1/7/2024 9:15,72.95027104,13.11175849,12.66292441,12.20669025,honest
615,1/7/2024 9:30,36.59755504,20.7851836,20.17561409,20.24255995,honest
616,1/7/2024 9:45,92.46801537,24.65945512,23.17538646,23.07359643,honest
617,1/7/2024 10:00,87.08393656,3.044851591,2.925652106,3.19761654,honest
618,1/7/2024 10:15,57.68669836,20.89373342,23.18349926,22.72192491,honest
619,1/7/2024 10:30,52.89191459,3.971843542,3.980147126,3.881837695,honest
620,1/7/2024 10:45,38.92543402,20.03587896,20.00197626,20.30104968,honest
621,1/7/2024 11:00,78.39945797,8.305098812,8.406409222,8.429106486,honest
622,1/7/2024 11:15,30.53950397,5.383416731,5.304732265,5.354771006,honest
623,1/7/2024 11:30,74.41902031,10.46074553,11.16185839,10.75902307,honest
624,1/7/2024 11:45,87.39655889,15.35784188,15.34783285,14.98016341,honest
625,1/7/2024 12:00,38.27772607,10.06041474,10.92581789,11.10281749,honest
626,1/7/2024 12:15,89.31419223,4.147191456,3.615880104,3.790926727,honest
627,1/7/2024 12:30,22.66585596,17.67469056,15.81180786,16.29091126,honest
628,1/7/2024 12:45,93.02299083,24.30191239,22.14380088,22.35575387,honest
629,1/7/2024 13:00,29.46897823,10.29232343,10.58467638,10.57791987,honest
630,1/7/2024 13:15,71.66073424,7.466354616,7.061706768,7.419034592,honest
631,1/7/2024 13:30,40.00659751,12.97724647,12.29224109,11.89671408,honest
632,1/7/2024 13:45,86.92419129,3.626162416,3.406803897,3.356099718,honest
633,1/7/2024 14:00,60.98402887,20.97415567,20.03631849,19.8234276,honest
634,1/7/2024 14:15,30.8192953,18.21822045,18.95760943,18.56224724,honest
635,1/7/2024 14:30,65.67932571,15.19350947,14.73698346,15.00048555,honest
636,1/7/2024 14:45,52.63060882,10.69183719,10.08935344,10.10014547,honest
637,1/7/2024 15:00,72.91582533,17.90723357,18.70207118,18.7588399,honest
638,1/7/2024 15:15,90.55226278,13.79798356,13.54638632,13.45764151,honest
639,1/7/2024 15:30,52.75113049,20.57412121,19.34744694,19.30778417,honest
640,1/7/2024 15:45,43.19045436,15.41729006,15.18707806,14.80309545,honest
641,1/7/2024 16:00,21.16120756,18.34817346,18.25086451,18.42378234,honest
642,1/7/2024 16:15,65.98712303,15.04846777,14.8656125,14.79805986,honest
643,1/7/2024 16:30,52.18198139,13.17747565,11.68747238,12.00423995,honest
644,1/7/2024 16:45,49.97193752,22.78264026,22.63093228,22.32721948,honest
645,1/7/2024 17:00,34.6348257,13.68979015,13.2449829,12.95003799,honest
646,1/7/2024 17:15,54.40442762,15.13141317,14.32961579,14.47537537,honest
647,1/7/2024 17:30,98.75535629,7.838582749,7.188935432,7.534938855,honest
648,1/7/2024 17:45,43.82033229,15.98459131,15.3493708,15.32156864,honest
649,1/7/2024 18:00,67.97635307,15.12056102,15.03274585,15.25969972,honest
650,1/7/2024 18:15,82.11895051,6.850534064,6.386791377,6.886121299,honest
651,1/7/2024 18:30,79.93262585,4.209832497,3.746800398,4.237066038,honest
652,1/7/2024 18:45,46.301943,13.54172784,14.69165178,14.93598862,honest
653,1/7/2024 19:00,68.86880668,18.20192061,18.95643733,19.19602382,honest
654,1/7/2024 19:15,89.70117482,11.88156843,13.01573383,12.76335272,honest
655,1/7/2024 19:30,21.23579422,8.489400086,7.546797091,7.880336723,honest
656,1/7/2024 19:45,54.85874855,15.88954585,16.73327252,16.63837465,honest
657,1/7/2024 20:00,37.94187346,4.096327454,3.953634111,4.415628021,honest
658,1/7/2024 20:15,51.09058323,10.10075363,11.35067536,10.93210305,honest
659,1/7/2024 20:30,53.27916864,5.73246465,5.576155647,5.511996015,honest
660,1/7/2024 20:45,79.73367718,5.824095177,6.406640091,6.462480579,honest
661,1/7/2024 21:00,27.50574979,6.259520665,6.390495959,6.295652166,honest
662,1/7/2024 21:15,61.00671225,9.577258271,10.65695224,10.36753143,honest
663,1/7/2024 21:30,65.13558334,3.660989316,3.328712147,3.421700635,honest
664,1/7/2024 21:45,59.53260828,12.27256294,10.98588346,11.24180137,honest
665,1/7/2024 22:00,78.54986025,15.11753719,13.70221834,13.84705693,honest
666,1/7/2024 22:15,50.70330047,12.60430568,13.01787533,12.75232418,honest
667,1/7/2024 22:30,95.59736509,11.34400643,10.79373343,11.02534137,honest
668,1/7/2024 22:45,58.5442754,19.43358457,19.29674144,19.05363924,honest
669,1/7/2024 23:00,65.69711277,4.669488468,5.138664662,4.813867025,honest
670,1/7/2024 23:15,86.04246587,13.41569901,13.37681177,13.56747979,honest
671,1/7/2024 23:30,42.01888847,3.599803576,3.600626734,3.94341398,honest
672,1/7/2024 23:45,26.0161623,4.028108076,3.821648811,3.803188258,honest
673,1/8/2024 0:00,76.62271827,12.94385748,13.62015213,13.65154393,honest
674,1/8/2024 0:15,58.64094844,13.57645035,13.88173539,13.68448296,honest
675,1/8/2024 0:30,91.72034008,19.59338426,19.67500281,19.66962082,honest
676,1/8/2024 0:45,98.6144039,14.64156914,14.83393593,14.46591892,honest
677,1/8/2024 1:00,51.92874805,23.78522313,21.90762808,22.36345891,honest
678,1/8/2024 1:15,53.2351213,3.847180029,3.404635661,3.704996315,honest
679,1/8/2024 1:30,52.63700818,4.47176376,4.162560692,4.330533753,honest
680,1/8/2024 1:45,45.96432878,3.408226643,3.35189833,3.390092701,honest
681,1/8/2024 2:00,82.53496782,5.900428264,6.126983461,6.419152597,honest
682,1/8/2024 2:15,80.719661,14.20947804,14.49876936,14.4935266,honest
683,1/8/2024 2:30,58.29158964,18.1147648,16.79679452,16.59676843,honest
684,1/8/2024 2:45,23.57289731,3.188060086,3.240210058,2.900584293,honest
685,1/8/2024 3:00,44.76474412,24.73948315,23.50167539,23.64926098,honest
686,1/8/2024 3:15,43.38424372,20.67650259,21.43883142,21.86825716,honest
687,1/8/2024 3:30,84.8869797,7.947656207,8.981589036,8.63520759,honest
688,1/8/2024 3:45,27.00604587,3.77244444,4.157851041,3.837869086,honest
689,1/8/2024 4:00,84.45403032,6.091806167,5.752685757,5.686291791,honest
690,1/8/2024 4:15,73.53469218,5.630291473,5.084174811,5.391074159,honest
691,1/8/2024 4:30,78.59531673,4.821281479,4.683582825,4.477505554,honest
692,1/8/2024 4:45,54.57705501,12.66953304,12.62889299,12.38280592,honest
693,1/8/2024 5:00,74.37806368,7.547867207,8.030500169,8.15046646,honest
694,1/8/2024 5:15,68.72231558,8.990200004,9.70501088,9.740625662,honest
695,1/8/2024 5:30,81.51841562,21.44453804,24.0155571,23.57577746,honest
696,1/8/2024 5:45,55.74158676,17.29226681,17.4818551,17.06334507,honest
697,1/8/2024 6:00,57.82604999,22.37570924,23.44569243,23.58870541,honest
698,1/8/2024 6:15,71.48609782,5.936860645,5.705898103,5.671021702,honest
699,1/8/2024 6:30,28.64619949,10.95227921,10.08798097,10.55895816,honest
700,1/8/2024 6:45,54.89955587,12.94603505,13.25623145,13.43476286,honest
701,1/8/2024 7:00,97.75606762,3.216198021,3.928385194,3.438458856,honest
702,1/8/2024 7:15,23.0041856,2.121177349,2.32340629,2.304425069,honest
703,1/8/2024 7:30,45.28037783,16.16902753,15.52192231,15.43637024,honest
704,1/8/2024 7:45,45.12878553,15.09632681,15.64074271,15.24745657,honest
705,1/8/2024 8:00,70.67712954,11.44258622,11.43800735,11.86121619,honest
706,1/8/2024 8:15,28.46402875,14.05406964,12.81331987,13.11833117,honest
707,1/8/2024 8:30,70.28352247,10.79900256,10.87044666,10.60053257,honest
708,1/8/2024 8:45,27.60321925,2.679606748,2.914012764,2.669993523,honest
709,1/8/2024 9:00,27.59629179,9.073221483,9.120056494,8.652074547,honest
710,1/8/2024 9:15,78.25466858,5.86217034,5.717419178,5.514136629,honest
711,1/8/2024 9:30,45.93081391,4.839488195,4.581228288,4.665850297,honest
712,1/8/2024 9:45,98.19383582,22.58793174,22.94140645,22.86224984,honest
713,1/8/2024 10:00,22.98823491,15.61266438,15.52962577,15.99888123,honest
714,1/8/2024 10:15,55.6085331,17.15585498,16.7156814,16.27176156,honest
715,1/8/2024 10:30,29.05087501,9.53358258,9.408130389,9.499560548,honest
716,1/8/2024 10:45,48.11031734,11.64336268,10.82779638,11.18610582,honest
717,1/8/2024 11:00,99.85779605,7.979143913,7.420514751,7.401255664,honest
718,1/8/2024 11:15,91.10740094,4.304328632,4.470833024,3.973795745,honest
719,1/8/2024 11:30,23.86595271,5.890744051,6.422010824,6.164812324,honest
720,1/8/2024 11:45,65.06046751,18.05256852,19.43070234,19.25447132,honest
721,1/8/2024 12:00,71.82578439,16.49163473,16.85246739,17.31846188,honest
722,1/8/2024 12:15,36.76276992,15.96533869,14.78933929,15.20111258,honest
723,1/8/2024 12:30,31.60844587,12.9092178,12.8044886,13.2536591,honest
724,1/8/2024 12:45,92.35049077,20.5855416,21.69845178,22.02421023,honest
725,1/8/2024 13:00,97.50531532,3.534264375,3.991292772,3.842940507,honest
726,1/8/2024 13:15,99.35142859,8.277327608,8.167554888,8.57343131,honest
727,1/8/2024 13:30,83.1809419,9.175252966,9.413681047,9.895365553,honest
728,1/8/2024 13:45,73.08016555,17.67749143,19.13196589,18.98203721,honest
729,1/8/2024 14:00,47.65842018,25.27468227,24.61757673,24.37813269,honest
730,1/8/2024 14:15,33.71186499,7.13638476,7.847782562,7.894698855,honest
731,1/8/2024 14:30,26.31844795,18.57006374,20.42096859,20.10812078,honest
732,1/8/2024 14:45,75.46379748,20.86511965,19.98804636,19.52067058,honest
733,1/8/2024 15:00,82.77787321,7.78851415,6.840080282,7.285911454,honest
734,1/8/2024 15:15,86.1162922,11.49814137,11.47896186,11.90470249,honest
735,1/8/2024 15:30,93.10120026,10.41808786,11.69108913,11.35374299,honest
736,1/8/2024 15:45,90.39436509,24.3455642,23.47910218,23.38684242,honest
737,1/8/2024 16:00,99.97930178,6.558166974,6.415866235,6.746902548,honest
738,1/8/2024 16:15,39.52512088,18.12899363,19.78084846,19.94184876,honest
739,1/8/2024 16:30,81.06460922,8.779975386,9.530181925,9.424969434,honest
740,1/8/2024 16:45,66.91676099,15.8005513,16.79251151,17.03668251,honest
741,1/8/2024 17:00,40.8996106,11.77154428,11.16836346,11.56541085,honest
742,1/8/2024 17:15,98.55242578,16.55477912,14.90768616,15.33384449,honest
743,1/8/2024 17:30,91.83184838,21.48029026,20.41209875,20.29094836,honest
744,1/8/2024 17:45,30.28125348,18.89225558,19.04455635,18.71811703,honest
745,1/8/2024 18:00,22.09266739,21.90700219,21.84062681,22.25346566,honest
746,1/8/2024 18:15,75.06646099,3.122520268,3.457569074,3.05012452,honest
747,1/8/2024 18:30,68.33045031,17.01594796,16.98764867,17.20933706,honest
748,1/8/2024 18:45,94.86524993,4.822647211,5.440145848,5.080643163,honest
749,1/8/2024 19:00,38.72042297,11.71991961,11.42502982,11.31441668,honest
750,1/8/2024 19:15,26.75103583,15.18366412,14.21739901,14.12895476,honest
751,1/8/2024 19:30,40.7372267,9.95520942,10.55617573,10.21493365,honest
752,1/8/2024 19:45,21.51421124,14.07709564,12.7543234,13.17700483,honest
753,1/8/2024 20:00,22.8714201,23.01409523,23.83307743,23.3357456,honest
754,1/8/2024 20:15,93.18862447,5.557820144,5.275890706,5.66969925,honest
755,1/8/2024 20:30,48.1613266,14.79744369,15.95493367,16.338763,honest
756,1/8/2024 20:45,52.86472008,11.24597206,11.00629749,10.82326115,honest
757,1/8/2024 21:00,21.46973236,5.666177379,5.133609921,5.337894191,honest
758,1/8/2024 21:15,41.64174241,5.764925436,5.829511111,5.582320022,honest
759,1/8/2024 21:30,84.3780787,22.00260651,23.39302076,23.65179432,honest
760,1/8/2024 21:45,69.23927677,18.53400115,20.07012029,20.13124003,honest
761,1/8/2024 22:00,80.30244809,20.3038998,20.21206031,20.01228577,honest
762,1/8/2024 22:15,55.77709926,23.57833223,24.15184526,24.05208002,honest
763,1/8/2024 22:30,44.77833774,6.940532407,6.850479213,7.040367946,honest
764,1/8/2024 22:45,58.62480747,11.50985364,10.1190252,10.52512265,honest
765,1/8/2024 23:00,45.84568547,17.60165723,17.21643829,16.8471648,honest
766,1/8/2024 23:15,87.11768773,12.90835781,13.06881889,13.14018286,honest
767,1/8/2024 23:30,43.81389725,10.49481554,11.85789392,11.61162312,honest
768,1/8/2024 23:45,72.78109124,9.308115092,9.963204981,10.26457723,honest
769,1/9/2024 0:00,30.95857778,14.99113658,14.88656517,14.45680247,honest
770,1/9/2024 0:15,74.9493195,15.5123716,14.34188985,14.53084564,honest
,,,,,,
,,,,,,
,,,,,,
,,,,,,
,,,,,,
,,,,,,
,,,,,,
,,,,,,
,,,,,,
,,,,,,
,,,,,,
,,,,,,
,,,,,,
,,,,,,
,,,,,,
,,,,,,
,,,,,,
,,,,,,
,,,,,,
,,,,,,
,,,,,,
,,,,,,
,,,,,,
,,,,,,
,,,,,,
,,,,,,
,,,,,,
,,,,,,
,,,,,,
,,,,,,
,,,,,,
,,,,,,
,,,,,,
,,,,,,
,,,,,,
,,,,,,
,,,,,,
,,,,,,
,,,,,,
,,,,,,
,,,,,,
,,,,,,
,,,,,,
,,,,,,
,,,,,,
,,,,,,
,,,,,,
,,,,,,
,,,,,,
,,,,,,
,,,,,,
,,,,,,
,,,,,,
,,,,,,
,,,,,,
,,,,,,
,,,,,,
,,,,,,
,,,,,,
,,,,,,
,,,,,,
,,,,,,
,,,,,,
,,,,,,
,,,,,,
,,,,,,
,,,,,,
,,,,,,
,,,,,,
,,,,,,
,,,,,,
,,,,,,
,,,,,,
,,,,,,
,,,,,,
,,,,,,
,,,,,,
,,,,,,
,,,,,,
,,,,,,
,,,,,,
,,,,,,
,,,,,,
,,,,,,
,,,,,,
,,,,,,
,,,,,,
,,,,,,
,,,,,,
,,,,,,
,,,,,,
,,,,,,
,,,,,,
,,,,,,
,,,,,,
,,,,,,
,,,,,,
,,,,,,
,,,,,,
,,,,,,
,,,,,,
,,,,,,
,,,,,,
,,,,,,
,,,,,,
,,,,,,
,,,,,,
,,,,,,
,,,,,,
,,,,,,
,,,,,,
,,,,,,
,,,,,,
,,,,,,
,,,,,,
,,,,,,
,,,,,,
,,,,,,
,,,,,,
,,,,,,
,,,,,,
,,,,,,
,,,,,,
,,,,,,
,,,,,,
,,,,,,
,,,,,,
,,,,,,
,,,,,,
,,,,,,
,,,,,,
,,,,,,
,,,,,,
,,,,,,
,,,,,,
,,,,,,
,,,,,,
,,,,,,
,,,,,,
,,,,,,
,,,,,,
,,,,,,
,,,,,,
,,,,,,
,,,,,,
,,,,,,
,,,,,,
,,,,,,
,,,,,,
,,,,,,
,,,,,,
,,,,,,
,,,,,,
,,,,,,
,,,,,,
,,,,,,
,,,,,,
,,,,,,
,,,,,,
,,,,,,
,,,,,,
,,,,,,
,,,,,,
,,,,,,
,,,,,,
,,,,,,
,,,,,,
,,,,,,
,,,,,,
,,,,,,
,,,,,,
,,,,,,
,,,,,,
,,,,,,
,,,,,,
,,,,,,
,,,,,,
,,,,,,
,,,,,,
,,,,,,
,,,,,,
,,,,,,
,,,,,,
,,,,,,
,,,,,,
,,,,,,
,,,,,,
,,,,,,
,,,,,,
,,,,,,
,,,,,,
,,,,,,
,,,,,,
,,,,,,
,,,,,,
,,,,,,
,,,,,,
,,,,,,
,,,,,,
,,,,,,
,,,,,,
,,,,,,
,,,,,,
,,,,,,
,,,,,,
,,,,,,
,,,,,,
,,,,,,
,,,,,,
,,,,,,
,,,,,,
,,,,,,
,,,,,,
,,,,,,
,,,,,,
,,,,,,
,,,,,,
,,,,,,
,,,,,,
,,,,,,
,,,,,,
,,,,,,
,,,,,,
,,,,,,
,,,,,,
,,,,,,
,,,,,,
,,,,,,
,,,,,,
,,,,,,
